/* DML - Initial Insert Scripts */
/* Table: status */
INSERT INTO status (id, name) VALUES (1, 'Tenanted');
INSERT INTO status (id, name) VALUES (2, 'Owner');

/* Table: zone */
INSERT INTO zone (id, name) VALUES (1, 'Zone A');
INSERT INTO zone (id, name) VALUES (2, 'Zone B');
INSERT INTO zone (id, name) VALUES (3, 'Zone C');

/* Table: residential_property_category */
INSERT INTO residential_property_category (id, category, description) VALUES (1, 'I', 'RCC buildings');
INSERT INTO residential_property_category (id, category, description) VALUES (2, 'II', 'RCC buildings with cement or red-oxide flooring');
INSERT INTO residential_property_category (id, category, description) VALUES (3, 'III', 'Tiled/Sheet of all kinds');

/* Table: unit_area_value*/
/* Category - I */
INSERT INTO unit_area_value (id, category_id, status_id, zone_id, unit_area_value) VALUES (1, 1, 1, 1, 5.00);
INSERT INTO unit_area_value (id, category_id, status_id, zone_id, unit_area_value) VALUES (2, 1, 1, 2, 4.00);
INSERT INTO unit_area_value (id, category_id, status_id, zone_id, unit_area_value) VALUES (3, 1, 1, 3, 3.60);
INSERT INTO unit_area_value (id, category_id, status_id, zone_id, unit_area_value) VALUES (4, 1, 2, 1, 2.50);
INSERT INTO unit_area_value (id, category_id, status_id, zone_id, unit_area_value) VALUES (5, 1, 2, 2, 2.00);
INSERT INTO unit_area_value (id, category_id, status_id, zone_id, unit_area_value) VALUES (6, 1, 2, 3, 1.80);

/* Category - II*/
INSERT INTO unit_area_value (id, category_id, status_id, zone_id, unit_area_value) VALUES (7, 2, 1, 1, 4.00);
INSERT INTO unit_area_value (id, category_id, status_id, zone_id, unit_area_value) VALUES (8, 2, 1, 2, 3.50);
INSERT INTO unit_area_value (id, category_id, status_id, zone_id, unit_area_value) VALUES (9, 2, 1, 3, 3.00);
INSERT INTO unit_area_value (id, category_id, status_id, zone_id, unit_area_value) VALUES (10, 2, 2, 1, 1.80);
INSERT INTO unit_area_value (id, category_id, status_id, zone_id, unit_area_value) VALUES (11, 2, 2, 2, 1.60);
INSERT INTO unit_area_value (id, category_id, status_id, zone_id, unit_area_value) VALUES (12, 2, 2, 3, 1.20);

/* Category - III*/
INSERT INTO unit_area_value (id, category_id, status_id, zone_id, unit_area_value) VALUES (13, 3, 1, 1, 3.00);
INSERT INTO unit_area_value (id, category_id, status_id, zone_id, unit_area_value) VALUES (14, 3, 1, 2, 2.50);
INSERT INTO unit_area_value (id, category_id, status_id, zone_id, unit_area_value) VALUES (15, 3, 1, 3, 2.00);
INSERT INTO unit_area_value (id, category_id, status_id, zone_id, unit_area_value) VALUES (16, 3, 2, 1, 1.25);
INSERT INTO unit_area_value (id, category_id, status_id, zone_id, unit_area_value) VALUES (17, 3, 2, 2, 1.00);
INSERT INTO unit_area_value (id, category_id, status_id, zone_id, unit_area_value) VALUES (18, 3, 2, 3, 0.75);

/* Property Tax Payment */
INSERT INTO property_tax_payment (id, address_of_property, year_of_assessment, build_up_area, building_constructed_year, email, name_of_the_owner, total_tax_paid, uav_id) VALUES (1, '351, Village High Road, Shollinganallur, Chennai - 600119', 2020, 980, 2002, 'balaji.sridharan@mindtree.com', 'Balaji', 9964.64, 1);
INSERT INTO property_tax_payment (id, address_of_property, year_of_assessment, build_up_area, building_constructed_year, email, name_of_the_owner, total_tax_paid, uav_id) VALUES (2, '3, OMR, Shollinganallur, Chennai - 600119', 2020, 980, 2002, 'arun123@mindtree.com', 'Arun', 9964.64, 1);
INSERT INTO property_tax_payment (id, address_of_property, year_of_assessment, build_up_area, building_constructed_year, email, name_of_the_owner, total_tax_paid, uav_id) VALUES (3, '3, OMR, Shollinganallur, Chennai - 600119', 2020, 1080, 2002, 'sam123@mindtree.com', 'Sam', 10981.44, 1);
INSERT INTO property_tax_payment (id, address_of_property, year_of_assessment, build_up_area, building_constructed_year, email, name_of_the_owner, total_tax_paid, uav_id) VALUES (4, '398, Main Street, Navallur, Chennai - 600200', 2020, 1000, 2019, 'charlie123@mindtree.com', 'Charlie', 12276.0, 1);
INSERT INTO property_tax_payment (id, address_of_property, year_of_assessment, build_up_area, building_constructed_year, email, name_of_the_owner, total_tax_paid, uav_id) VALUES (5, '3, 4th Cross, Anna Nagar, Chennai - 600007', 2020, 980, 2002, 'Jone123@mindtree.com', 'Jone', 9964.64, 1);
INSERT INTO property_tax_payment (id, address_of_property, year_of_assessment, build_up_area, building_constructed_year, email, name_of_the_owner, total_tax_paid, uav_id) VALUES (6, '13, OMR, Shollinganallur, Chennai - 600119', 2020, 980, 2002, 'peter123@mindtree.com', 'Peter', 9964.64, 1);

INSERT INTO property_tax_payment (id, address_of_property, year_of_assessment, build_up_area, building_constructed_year, email, name_of_the_owner, total_tax_paid, uav_id) VALUES (7, '350, Village High Road, Shollinganallur, Chennai - 600119', 2020, 980, 2002, 'balaji.sridharan@mindtree.com', 'Balaji', 7971.71, 2);
INSERT INTO property_tax_payment (id, address_of_property, year_of_assessment, build_up_area, building_constructed_year, email, name_of_the_owner, total_tax_paid, uav_id) VALUES (8, '3, OMR, Shollinganallur, Chennai - 600119', 2020, 980, 2002, 'arun123@mindtree.com', 'Arun', 7971.71, 2);
INSERT INTO property_tax_payment (id, address_of_property, year_of_assessment, build_up_area, building_constructed_year, email, name_of_the_owner, total_tax_paid, uav_id) VALUES (9, '3, OMR, Shollinganallur, Chennai - 600119', 2020, 1080, 2002, 'sam123@mindtree.com', 'Sam', 8785.15, 2);
INSERT INTO property_tax_payment (id, address_of_property, year_of_assessment, build_up_area, building_constructed_year, email, name_of_the_owner, total_tax_paid, uav_id) VALUES (10, '398, Main Street, Navallur, Chennai - 600200', 2020, 1000, 2019, 'charlie123@mindtree.com', 'Charlie', 9820.8, 2);
INSERT INTO property_tax_payment (id, address_of_property, year_of_assessment, build_up_area, building_constructed_year, email, name_of_the_owner, total_tax_paid, uav_id) VALUES (11, '3, 4th Cross, Anna Nagar, Chennai - 600007', 2020, 980, 2002, 'Jone123@mindtree.com', 'Jone', 7971.71, 2);
INSERT INTO property_tax_payment (id, address_of_property, year_of_assessment, build_up_area, building_constructed_year, email, name_of_the_owner, total_tax_paid, uav_id) VALUES (12, '13, OMR, Shollinganallur, Chennai - 600119', 2020, 980, 2002, 'peter123@mindtree.com', 'Peter', 7971.71, 2);

INSERT INTO property_tax_payment (id, address_of_property, year_of_assessment, build_up_area, building_constructed_year, email, name_of_the_owner, total_tax_paid, uav_id) VALUES (13, '352, Village High Road, Shollinganallur, Chennai - 600119', 2020, 980, 2002, 'balaji.sridharan@mindtree.com', 'Balaji', 7174.54, 3);
INSERT INTO property_tax_payment (id, address_of_property, year_of_assessment, build_up_area, building_constructed_year, email, name_of_the_owner, total_tax_paid, uav_id) VALUES (14, '34, OMR, Shollinganallur, Chennai - 600119', 2020, 980, 2002, 'arun123@mindtree.com', 'Arun', 7174.54, 3);
INSERT INTO property_tax_payment (id, address_of_property, year_of_assessment, build_up_area, building_constructed_year, email, name_of_the_owner, total_tax_paid, uav_id) VALUES (15, '32, OMR, Shollinganallur, Chennai - 600119', 2020, 1080, 2002, 'sam123@mindtree.com', 'Sam', 7906.64, 3);
INSERT INTO property_tax_payment (id, address_of_property, year_of_assessment, build_up_area, building_constructed_year, email, name_of_the_owner, total_tax_paid, uav_id) VALUES (16, '38, Main Street, Navallur, Chennai - 600200', 2020, 1000, 2019, 'charlie123@mindtree.com', 'Charlie', 8838.72, 3);
INSERT INTO property_tax_payment (id, address_of_property, year_of_assessment, build_up_area, building_constructed_year, email, name_of_the_owner, total_tax_paid, uav_id) VALUES (17, '31, 4th Cross, Anna Nagar, Chennai - 600007', 2020, 980, 2002, 'Jone123@mindtree.com', 'Jone', 7174.54, 3);
INSERT INTO property_tax_payment (id, address_of_property, year_of_assessment, build_up_area, building_constructed_year, email, name_of_the_owner, total_tax_paid, uav_id) VALUES (18, '139, OMR, Shollinganallur, Chennai - 600119', 2020, 980, 2002, 'peter123@mindtree.com', 'Peter', 7174.54, 3);

INSERT INTO property_tax_payment (id, address_of_property, year_of_assessment, build_up_area, building_constructed_year, email, name_of_the_owner, total_tax_paid, uav_id) VALUES (19, '452, Village High Road, Shollinganallur, Chennai - 600119', 2020, 980, 2002, 'balaji.sridharan@mindtree.com', 'Balaji', 4982.32, 4);
INSERT INTO property_tax_payment (id, address_of_property, year_of_assessment, build_up_area, building_constructed_year, email, name_of_the_owner, total_tax_paid, uav_id) VALUES (20, '44, OMR, Shollinganallur, Chennai - 600119', 2020, 980, 2002, 'arun123@mindtree.com', 'Arun', 4982.32, 4);
INSERT INTO property_tax_payment (id, address_of_property, year_of_assessment, build_up_area, building_constructed_year, email, name_of_the_owner, total_tax_paid, uav_id) VALUES (21, '42, OMR, Shollinganallur, Chennai - 600119', 2020, 1080, 2002, 'sam123@mindtree.com', 'Sam', 5490.72, 4);
INSERT INTO property_tax_payment (id, address_of_property, year_of_assessment, build_up_area, building_constructed_year, email, name_of_the_owner, total_tax_paid, uav_id) VALUES (22, '58, Main Street, Navallur, Chennai - 600200', 2020, 1000, 2019, 'charlie123@mindtree.com', 'Charlie', 6138.0, 4);
INSERT INTO property_tax_payment (id, address_of_property, year_of_assessment, build_up_area, building_constructed_year, email, name_of_the_owner, total_tax_paid, uav_id) VALUES (23, '91, 4th Cross, Anna Nagar, Chennai - 600007', 2020, 980, 2002, 'Jone123@mindtree.com', 'Jone', 4982.32, 4);
INSERT INTO property_tax_payment (id, address_of_property, year_of_assessment, build_up_area, building_constructed_year, email, name_of_the_owner, total_tax_paid, uav_id) VALUES (24, '239, OMR, Shollinganallur, Chennai - 600119', 2020, 980, 2002, 'peter123@mindtree.com', 'Peter', 4982.32, 4);

INSERT INTO property_tax_payment (id, address_of_property, year_of_assessment, build_up_area, building_constructed_year, email, name_of_the_owner, total_tax_paid, uav_id) VALUES (25, '472, Village High Road, Shollinganallur, Chennai - 600119', 2020, 980, 2002, 'balaji.sridharan@mindtree.com', 'Balaji', 3985.86, 5);
INSERT INTO property_tax_payment (id, address_of_property, year_of_assessment, build_up_area, building_constructed_year, email, name_of_the_owner, total_tax_paid, uav_id) VALUES (26, '64, OMR, Shollinganallur, Chennai - 600119', 2020, 980, 2002, 'arun123@mindtree.com', 'Arun', 3985.86, 5);
INSERT INTO property_tax_payment (id, address_of_property, year_of_assessment, build_up_area, building_constructed_year, email, name_of_the_owner, total_tax_paid, uav_id) VALUES (27, '62, OMR, Shollinganallur, Chennai - 600119', 2020, 1080, 2002, 'sam123@mindtree.com', 'Sam', 4392.58, 5);
INSERT INTO property_tax_payment (id, address_of_property, year_of_assessment, build_up_area, building_constructed_year, email, name_of_the_owner, total_tax_paid, uav_id) VALUES (28, '68, Main Street, Navallur, Chennai - 600200', 2020, 1000, 2019, 'charlie123@mindtree.com', 'Charlie', 4910.4, 5);
INSERT INTO property_tax_payment (id, address_of_property, year_of_assessment, build_up_area, building_constructed_year, email, name_of_the_owner, total_tax_paid, uav_id) VALUES (29, '61, 4th Cross, Anna Nagar, Chennai - 600007', 2020, 980, 2002, 'Jone123@mindtree.com', 'Jone', 3985.86, 5);
INSERT INTO property_tax_payment (id, address_of_property, year_of_assessment, build_up_area, building_constructed_year, email, name_of_the_owner, total_tax_paid, uav_id) VALUES (30, '639, OMR, Shollinganallur, Chennai - 600119', 2020, 980, 2002, 'peter123@mindtree.com', 'Peter', 3985.86, 5);

INSERT INTO property_tax_payment (id, address_of_property, year_of_assessment, build_up_area, building_constructed_year, email, name_of_the_owner, total_tax_paid, uav_id) VALUES (31, '472, Village High Road, Shollinganallur, Chennai - 600119', 2020, 980, 2002, 'balaji.sridharan@mindtree.com', 'Balaji', 3587.27, 6);
INSERT INTO property_tax_payment (id, address_of_property, year_of_assessment, build_up_area, building_constructed_year, email, name_of_the_owner, total_tax_paid, uav_id) VALUES (32, '64, OMR, Shollinganallur, Chennai - 600119', 2020, 980, 2002, 'arun123@mindtree.com', 'Arun', 3587.27, 6);
INSERT INTO property_tax_payment (id, address_of_property, year_of_assessment, build_up_area, building_constructed_year, email, name_of_the_owner, total_tax_paid, uav_id) VALUES (33, '62, OMR, Shollinganallur, Chennai - 600119', 2020, 1080, 2002, 'sam123@mindtree.com', 'Sam', 3953.32, 6);
INSERT INTO property_tax_payment (id, address_of_property, year_of_assessment, build_up_area, building_constructed_year, email, name_of_the_owner, total_tax_paid, uav_id) VALUES (34, '68, Main Street, Navallur, Chennai - 600200', 2020, 1000, 2019, 'charlie123@mindtree.com', 'Charlie', 4419.36, 6);
INSERT INTO property_tax_payment (id, address_of_property, year_of_assessment, build_up_area, building_constructed_year, email, name_of_the_owner, total_tax_paid, uav_id) VALUES (35, '61, 4th Cross, Anna Nagar, Chennai - 600007', 2020, 980, 2002, 'Jone123@mindtree.com', 'Jone', 3587.27, 6);
INSERT INTO property_tax_payment (id, address_of_property, year_of_assessment, build_up_area, building_constructed_year, email, name_of_the_owner, total_tax_paid, uav_id) VALUES (36, '639, OMR, Shollinganallur, Chennai - 600119', 2020, 980, 2002, 'peter123@mindtree.com', 'Peter', 3587.27, 6);

INSERT INTO property_tax_payment (id, address_of_property, year_of_assessment, build_up_area, building_constructed_year, email, name_of_the_owner, total_tax_paid, uav_id) VALUES (37, '351, Village High Road, Shollinganallur, Chennai - 600119', 2020, 980, 2002, 'balaji.sridharan@mindtree.com', 'Balaji', 7971.71, 7);
INSERT INTO property_tax_payment (id, address_of_property, year_of_assessment, build_up_area, building_constructed_year, email, name_of_the_owner, total_tax_paid, uav_id) VALUES (38, '3, OMR, Shollinganallur, Chennai - 600119', 2020, 980, 2002, 'arun123@mindtree.com', 'Arun', 7971.71, 7);
INSERT INTO property_tax_payment (id, address_of_property, year_of_assessment, build_up_area, building_constructed_year, email, name_of_the_owner, total_tax_paid, uav_id) VALUES (39, '3, OMR, Shollinganallur, Chennai - 600119', 2020, 1080, 2002, 'sam123@mindtree.com', 'Sam', 8785.15, 7);
INSERT INTO property_tax_payment (id, address_of_property, year_of_assessment, build_up_area, building_constructed_year, email, name_of_the_owner, total_tax_paid, uav_id) VALUES (40, '398, Main Street, Navallur, Chennai - 600200', 2020, 1000, 2019, 'charlie123@mindtree.com', 'Charlie', 9820.8, 7);
INSERT INTO property_tax_payment (id, address_of_property, year_of_assessment, build_up_area, building_constructed_year, email, name_of_the_owner, total_tax_paid, uav_id) VALUES (41, '3, 4th Cross, Anna Nagar, Chennai - 600007', 2020, 980, 2002, 'Jone123@mindtree.com', 'Jone', 7971.71, 7);
INSERT INTO property_tax_payment (id, address_of_property, year_of_assessment, build_up_area, building_constructed_year, email, name_of_the_owner, total_tax_paid, uav_id) VALUES (42, '13, OMR, Shollinganallur, Chennai - 600119', 2020, 980, 2002, 'peter123@mindtree.com', 'Peter', 7971.71, 7);

INSERT INTO property_tax_payment (id, address_of_property, year_of_assessment, build_up_area, building_constructed_year, email, name_of_the_owner, total_tax_paid, uav_id) VALUES (43, '350, Village High Road, Shollinganallur, Chennai - 600119', 2020, 980, 2002, 'balaji.sridharan@mindtree.com', 'Balaji', 6975.25, 8);
INSERT INTO property_tax_payment (id, address_of_property, year_of_assessment, build_up_area, building_constructed_year, email, name_of_the_owner, total_tax_paid, uav_id) VALUES (44, '3, OMR, Shollinganallur, Chennai - 600119', 2020, 980, 2002, 'arun123@mindtree.com', 'Arun', 6975.25, 8);
INSERT INTO property_tax_payment (id, address_of_property, year_of_assessment, build_up_area, building_constructed_year, email, name_of_the_owner, total_tax_paid, uav_id) VALUES (45, '3, OMR, Shollinganallur, Chennai - 600119', 2020, 1080, 2002, 'sam123@mindtree.com', 'Sam', 7687.01, 8);
INSERT INTO property_tax_payment (id, address_of_property, year_of_assessment, build_up_area, building_constructed_year, email, name_of_the_owner, total_tax_paid, uav_id) VALUES (46, '398, Main Street, Navallur, Chennai - 600200', 2020, 1000, 2019, 'charlie123@mindtree.com', 'Charlie', 8593.2, 8);
INSERT INTO property_tax_payment (id, address_of_property, year_of_assessment, build_up_area, building_constructed_year, email, name_of_the_owner, total_tax_paid, uav_id) VALUES (47, '3, 4th Cross, Anna Nagar, Chennai - 600007', 2020, 980, 2002, 'Jone123@mindtree.com', 'Jone', 6975.25, 8);
INSERT INTO property_tax_payment (id, address_of_property, year_of_assessment, build_up_area, building_constructed_year, email, name_of_the_owner, total_tax_paid, uav_id) VALUES (48, '13, OMR, Shollinganallur, Chennai - 600119', 2020, 980, 2002, 'peter123@mindtree.com', 'Peter', 6975.25, 8);

INSERT INTO property_tax_payment (id, address_of_property, year_of_assessment, build_up_area, building_constructed_year, email, name_of_the_owner, total_tax_paid, uav_id) VALUES (49, '352, Village High Road, Shollinganallur, Chennai - 600119', 2020, 980, 2002, 'balaji.sridharan@mindtree.com', 'Balaji', 5978.78, 9);
INSERT INTO property_tax_payment (id, address_of_property, year_of_assessment, build_up_area, building_constructed_year, email, name_of_the_owner, total_tax_paid, uav_id) VALUES (50, '34, OMR, Shollinganallur, Chennai - 600119', 2020, 980, 2002, 'arun123@mindtree.com', 'Arun', 5978.78, 9);
INSERT INTO property_tax_payment (id, address_of_property, year_of_assessment, build_up_area, building_constructed_year, email, name_of_the_owner, total_tax_paid, uav_id) VALUES (51, '32, OMR, Shollinganallur, Chennai - 600119', 2020, 1080, 2002, 'sam123@mindtree.com', 'Sam', 6588.86, 9);
INSERT INTO property_tax_payment (id, address_of_property, year_of_assessment, build_up_area, building_constructed_year, email, name_of_the_owner, total_tax_paid, uav_id) VALUES (52, '38, Main Street, Navallur, Chennai - 600200', 2020, 1000, 2019, 'charlie123@mindtree.com', 'Charlie', 7365.6, 9);
INSERT INTO property_tax_payment (id, address_of_property, year_of_assessment, build_up_area, building_constructed_year, email, name_of_the_owner, total_tax_paid, uav_id) VALUES (53, '31, 4th Cross, Anna Nagar, Chennai - 600007', 2020, 980, 2002, 'Jone123@mindtree.com', 'Jone', 5978.78, 9);
INSERT INTO property_tax_payment (id, address_of_property, year_of_assessment, build_up_area, building_constructed_year, email, name_of_the_owner, total_tax_paid, uav_id) VALUES (54, '139, OMR, Shollinganallur, Chennai - 600119', 2020, 980, 2002, 'peter123@mindtree.com', 'Peter', 5978.78, 9);

INSERT INTO property_tax_payment (id, address_of_property, year_of_assessment, build_up_area, building_constructed_year, email, name_of_the_owner, total_tax_paid, uav_id) VALUES (55, '452, Village High Road, Shollinganallur, Chennai - 600119', 2020, 980, 2002, 'balaji.sridharan@mindtree.com', 'Balaji', 3587.27, 10);
INSERT INTO property_tax_payment (id, address_of_property, year_of_assessment, build_up_area, building_constructed_year, email, name_of_the_owner, total_tax_paid, uav_id) VALUES (56, '44, OMR, Shollinganallur, Chennai - 600119', 2020, 980, 2002, 'arun123@mindtree.com', 'Arun', 3587.27, 10);
INSERT INTO property_tax_payment (id, address_of_property, year_of_assessment, build_up_area, building_constructed_year, email, name_of_the_owner, total_tax_paid, uav_id) VALUES (57, '42, OMR, Shollinganallur, Chennai - 600119', 2020, 1080, 2002, 'sam123@mindtree.com', 'Sam', 3953.32, 10);
INSERT INTO property_tax_payment (id, address_of_property, year_of_assessment, build_up_area, building_constructed_year, email, name_of_the_owner, total_tax_paid, uav_id) VALUES (58, '58, Main Street, Navallur, Chennai - 600200', 2020, 1000, 2019, 'charlie123@mindtree.com', 'Charlie', 4419.36, 10);
INSERT INTO property_tax_payment (id, address_of_property, year_of_assessment, build_up_area, building_constructed_year, email, name_of_the_owner, total_tax_paid, uav_id) VALUES (59, '91, 4th Cross, Anna Nagar, Chennai - 600007', 2020, 980, 2002, 'Jone123@mindtree.com', 'Jone', 3587.27, 10);
INSERT INTO property_tax_payment (id, address_of_property, year_of_assessment, build_up_area, building_constructed_year, email, name_of_the_owner, total_tax_paid, uav_id) VALUES (60, '239, OMR, Shollinganallur, Chennai - 600119', 2020, 980, 2002, 'peter123@mindtree.com', 'Peter', 3587.27, 10);

INSERT INTO property_tax_payment (id, address_of_property, year_of_assessment, build_up_area, building_constructed_year, email, name_of_the_owner, total_tax_paid, uav_id) VALUES (61, '472, Village High Road, Shollinganallur, Chennai - 600119', 2020, 980, 2002, 'balaji.sridharan@mindtree.com', 'Balaji', 3188.68, 11);
INSERT INTO property_tax_payment (id, address_of_property, year_of_assessment, build_up_area, building_constructed_year, email, name_of_the_owner, total_tax_paid, uav_id) VALUES (62, '64, OMR, Shollinganallur, Chennai - 600119', 2020, 980, 2002, 'arun123@mindtree.com', 'Arun', 3188.68, 11);
INSERT INTO property_tax_payment (id, address_of_property, year_of_assessment, build_up_area, building_constructed_year, email, name_of_the_owner, total_tax_paid, uav_id) VALUES (63, '62, OMR, Shollinganallur, Chennai - 600119', 2020, 1080, 2002, 'sam123@mindtree.com', 'Sam', 3514.06, 11);
INSERT INTO property_tax_payment (id, address_of_property, year_of_assessment, build_up_area, building_constructed_year, email, name_of_the_owner, total_tax_paid, uav_id) VALUES (64, '68, Main Street, Navallur, Chennai - 600200', 2020, 1000, 2019, 'charlie123@mindtree.com', 'Charlie', 3928.32, 11);
INSERT INTO property_tax_payment (id, address_of_property, year_of_assessment, build_up_area, building_constructed_year, email, name_of_the_owner, total_tax_paid, uav_id) VALUES (65, '61, 4th Cross, Anna Nagar, Chennai - 600007', 2020, 980, 2002, 'Jone123@mindtree.com', 'Jone', 3188.68, 11);
INSERT INTO property_tax_payment (id, address_of_property, year_of_assessment, build_up_area, building_constructed_year, email, name_of_the_owner, total_tax_paid, uav_id) VALUES (66, '639, OMR, Shollinganallur, Chennai - 600119', 2020, 980, 2002, 'peter123@mindtree.com', 'Peter', 3188.68, 11);

INSERT INTO property_tax_payment (id, address_of_property, year_of_assessment, build_up_area, building_constructed_year, email, name_of_the_owner, total_tax_paid, uav_id) VALUES (67, '472, Village High Road, Shollinganallur, Chennai - 600119', 2020, 980, 2002, 'balaji.sridharan@mindtree.com', 'Balaji', 2391.51, 12);
INSERT INTO property_tax_payment (id, address_of_property, year_of_assessment, build_up_area, building_constructed_year, email, name_of_the_owner, total_tax_paid, uav_id) VALUES (68, '64, OMR, Shollinganallur, Chennai - 600119', 2020, 980, 2002, 'arun123@mindtree.com', 'Arun', 2391.51, 12);
INSERT INTO property_tax_payment (id, address_of_property, year_of_assessment, build_up_area, building_constructed_year, email, name_of_the_owner, total_tax_paid, uav_id) VALUES (69, '62, OMR, Shollinganallur, Chennai - 600119', 2020, 1080, 2002, 'sam123@mindtree.com', 'Sam', 2635.55, 12);
INSERT INTO property_tax_payment (id, address_of_property, year_of_assessment, build_up_area, building_constructed_year, email, name_of_the_owner, total_tax_paid, uav_id) VALUES (70, '68, Main Street, Navallur, Chennai - 600200', 2020, 1000, 2019, 'charlie123@mindtree.com', 'Charlie', 2946.24, 12);
INSERT INTO property_tax_payment (id, address_of_property, year_of_assessment, build_up_area, building_constructed_year, email, name_of_the_owner, total_tax_paid, uav_id) VALUES (71, '61, 4th Cross, Anna Nagar, Chennai - 600007', 2020, 980, 2002, 'Jone123@mindtree.com', 'Jone', 2391.51, 12);
INSERT INTO property_tax_payment (id, address_of_property, year_of_assessment, build_up_area, building_constructed_year, email, name_of_the_owner, total_tax_paid, uav_id) VALUES (72, '639, OMR, Shollinganallur, Chennai - 600119', 2020, 980, 2002, 'peter123@mindtree.com', 'Peter', 2391.51, 12);

INSERT INTO property_tax_payment (id, address_of_property, year_of_assessment, build_up_area, building_constructed_year, email, name_of_the_owner, total_tax_paid, uav_id) VALUES (73, '351, Village High Road, Shollinganallur, Chennai - 600119', 2020, 980, 2002, 'balaji.sridharan@mindtree.com', 'Balaji', 5978.78, 13);
INSERT INTO property_tax_payment (id, address_of_property, year_of_assessment, build_up_area, building_constructed_year, email, name_of_the_owner, total_tax_paid, uav_id) VALUES (74, '3, OMR, Shollinganallur, Chennai - 600119', 2020, 980, 2002, 'arun123@mindtree.com', 'Arun', 5978.78, 13);
INSERT INTO property_tax_payment (id, address_of_property, year_of_assessment, build_up_area, building_constructed_year, email, name_of_the_owner, total_tax_paid, uav_id) VALUES (75, '3, OMR, Shollinganallur, Chennai - 600119', 2020, 1080, 2002, 'sam123@mindtree.com', 'Sam', 6588.86, 13);
INSERT INTO property_tax_payment (id, address_of_property, year_of_assessment, build_up_area, building_constructed_year, email, name_of_the_owner, total_tax_paid, uav_id) VALUES (76, '398, Main Street, Navallur, Chennai - 600200', 2020, 1000, 2019, 'charlie123@mindtree.com', 'Charlie', 7365.6, 13);
INSERT INTO property_tax_payment (id, address_of_property, year_of_assessment, build_up_area, building_constructed_year, email, name_of_the_owner, total_tax_paid, uav_id) VALUES (77, '3, 4th Cross, Anna Nagar, Chennai - 600007', 2020, 980, 2002, 'Jone123@mindtree.com', 'Jone', 5978.78, 13);
INSERT INTO property_tax_payment (id, address_of_property, year_of_assessment, build_up_area, building_constructed_year, email, name_of_the_owner, total_tax_paid, uav_id) VALUES (78, '13, OMR, Shollinganallur, Chennai - 600119', 2020, 980, 2002, 'peter123@mindtree.com', 'Peter', 5978.78, 13);

INSERT INTO property_tax_payment (id, address_of_property, year_of_assessment, build_up_area, building_constructed_year, email, name_of_the_owner, total_tax_paid, uav_id) VALUES (79, '350, Village High Road, Shollinganallur, Chennai - 600119', 2020, 980, 2002, 'balaji.sridharan@mindtree.com', 'Balaji', 4982.32, 14);
INSERT INTO property_tax_payment (id, address_of_property, year_of_assessment, build_up_area, building_constructed_year, email, name_of_the_owner, total_tax_paid, uav_id) VALUES (80, '3, OMR, Shollinganallur, Chennai - 600119', 2020, 980, 2002, 'arun123@mindtree.com', 'Arun', 4982.32, 14);
INSERT INTO property_tax_payment (id, address_of_property, year_of_assessment, build_up_area, building_constructed_year, email, name_of_the_owner, total_tax_paid, uav_id) VALUES (81, '3, OMR, Shollinganallur, Chennai - 600119', 2020, 1080, 2002, 'sam123@mindtree.com', 'Sam', 5490.72, 14);
INSERT INTO property_tax_payment (id, address_of_property, year_of_assessment, build_up_area, building_constructed_year, email, name_of_the_owner, total_tax_paid, uav_id) VALUES (82, '398, Main Street, Navallur, Chennai - 600200', 2020, 1000, 2019, 'charlie123@mindtree.com', 'Charlie', 6138.0, 14);
INSERT INTO property_tax_payment (id, address_of_property, year_of_assessment, build_up_area, building_constructed_year, email, name_of_the_owner, total_tax_paid, uav_id) VALUES (83, '3, 4th Cross, Anna Nagar, Chennai - 600007', 2020, 980, 2002, 'Jone123@mindtree.com', 'Jone', 4982.32, 14);
INSERT INTO property_tax_payment (id, address_of_property, year_of_assessment, build_up_area, building_constructed_year, email, name_of_the_owner, total_tax_paid, uav_id) VALUES (84, '13, OMR, Shollinganallur, Chennai - 600119', 2020, 980, 2002, 'peter123@mindtree.com', 'Peter', 4982.32, 14);

INSERT INTO property_tax_payment (id, address_of_property, year_of_assessment, build_up_area, building_constructed_year, email, name_of_the_owner, total_tax_paid, uav_id) VALUES (85, '352, Village High Road, Shollinganallur, Chennai - 600119', 2020, 980, 2002, 'balaji.sridharan@mindtree.com', 'Balaji', 3985.86, 15);
INSERT INTO property_tax_payment (id, address_of_property, year_of_assessment, build_up_area, building_constructed_year, email, name_of_the_owner, total_tax_paid, uav_id) VALUES (86, '34, OMR, Shollinganallur, Chennai - 600119', 2020, 980, 2002, 'arun123@mindtree.com', 'Arun', 3985.86, 15);
INSERT INTO property_tax_payment (id, address_of_property, year_of_assessment, build_up_area, building_constructed_year, email, name_of_the_owner, total_tax_paid, uav_id) VALUES (87, '32, OMR, Shollinganallur, Chennai - 600119', 2020, 1080, 2002, 'sam123@mindtree.com', 'Sam', 4392.58, 15);
INSERT INTO property_tax_payment (id, address_of_property, year_of_assessment, build_up_area, building_constructed_year, email, name_of_the_owner, total_tax_paid, uav_id) VALUES (88, '38, Main Street, Navallur, Chennai - 600200', 2020, 1000, 2019, 'charlie123@mindtree.com', 'Charlie', 4910.4, 15);
INSERT INTO property_tax_payment (id, address_of_property, year_of_assessment, build_up_area, building_constructed_year, email, name_of_the_owner, total_tax_paid, uav_id) VALUES (89, '31, 4th Cross, Anna Nagar, Chennai - 600007', 2020, 980, 2002, 'Jone123@mindtree.com', 'Jone', 3985.86, 15);
INSERT INTO property_tax_payment (id, address_of_property, year_of_assessment, build_up_area, building_constructed_year, email, name_of_the_owner, total_tax_paid, uav_id) VALUES (90, '139, OMR, Shollinganallur, Chennai - 600119', 2020, 980, 2002, 'peter123@mindtree.com', 'Peter', 3985.86, 15);

INSERT INTO property_tax_payment (id, address_of_property, year_of_assessment, build_up_area, building_constructed_year, email, name_of_the_owner, total_tax_paid, uav_id) VALUES (91, '452, Village High Road, Shollinganallur, Chennai - 600119', 2020, 980, 2002, 'balaji.sridharan@mindtree.com', 'Balaji', 2491.16, 16);
INSERT INTO property_tax_payment (id, address_of_property, year_of_assessment, build_up_area, building_constructed_year, email, name_of_the_owner, total_tax_paid, uav_id) VALUES (92, '44, OMR, Shollinganallur, Chennai - 600119', 2020, 980, 2002, 'arun123@mindtree.com', 'Arun', 2491.16, 16);
INSERT INTO property_tax_payment (id, address_of_property, year_of_assessment, build_up_area, building_constructed_year, email, name_of_the_owner, total_tax_paid, uav_id) VALUES (93, '42, OMR, Shollinganallur, Chennai - 600119', 2020, 1080, 2002, 'sam123@mindtree.com', 'Sam', 2745.36, 16);
INSERT INTO property_tax_payment (id, address_of_property, year_of_assessment, build_up_area, building_constructed_year, email, name_of_the_owner, total_tax_paid, uav_id) VALUES (94, '58, Main Street, Navallur, Chennai - 600200', 2020, 1000, 2019, 'charlie123@mindtree.com', 'Charlie', 3069.0, 16);
INSERT INTO property_tax_payment (id, address_of_property, year_of_assessment, build_up_area, building_constructed_year, email, name_of_the_owner, total_tax_paid, uav_id) VALUES (95, '91, 4th Cross, Anna Nagar, Chennai - 600007', 2020, 980, 2002, 'Jone123@mindtree.com', 'Jone', 2491.16, 16);
INSERT INTO property_tax_payment (id, address_of_property, year_of_assessment, build_up_area, building_constructed_year, email, name_of_the_owner, total_tax_paid, uav_id) VALUES (96, '239, OMR, Shollinganallur, Chennai - 600119', 2020, 980, 2002, 'peter123@mindtree.com', 'Peter', 2491.16, 16);

INSERT INTO property_tax_payment (id, address_of_property, year_of_assessment, build_up_area, building_constructed_year, email, name_of_the_owner, total_tax_paid, uav_id) VALUES (97, '472, Village High Road, Shollinganallur, Chennai - 600119', 2020, 980, 2002, 'balaji.sridharan@mindtree.com', 'Balaji', 1992.93, 17);
INSERT INTO property_tax_payment (id, address_of_property, year_of_assessment, build_up_area, building_constructed_year, email, name_of_the_owner, total_tax_paid, uav_id) VALUES (98, '64, OMR, Shollinganallur, Chennai - 600119', 2020, 980, 2002, 'arun123@mindtree.com', 'Arun', 1992.93, 17);
INSERT INTO property_tax_payment (id, address_of_property, year_of_assessment, build_up_area, building_constructed_year, email, name_of_the_owner, total_tax_paid, uav_id) VALUES (99, '62, OMR, Shollinganallur, Chennai - 600119', 2020, 1080, 2002, 'sam123@mindtree.com', 'Sam', 2196.29, 17);
INSERT INTO property_tax_payment (id, address_of_property, year_of_assessment, build_up_area, building_constructed_year, email, name_of_the_owner, total_tax_paid, uav_id) VALUES (100, '68, Main Street, Navallur, Chennai - 600200', 2020, 1000, 2019, 'charlie123@mindtree.com', 'Charlie', 2455.2, 17);
INSERT INTO property_tax_payment (id, address_of_property, year_of_assessment, build_up_area, building_constructed_year, email, name_of_the_owner, total_tax_paid, uav_id) VALUES (101, '61, 4th Cross, Anna Nagar, Chennai - 600007', 2020, 980, 2002, 'Jone123@mindtree.com', 'Jone', 1992.93, 17);
INSERT INTO property_tax_payment (id, address_of_property, year_of_assessment, build_up_area, building_constructed_year, email, name_of_the_owner, total_tax_paid, uav_id) VALUES (102, '639, OMR, Shollinganallur, Chennai - 600119', 2020, 980, 2002, 'peter123@mindtree.com', 'Peter', 1992.93, 17);

INSERT INTO property_tax_payment (id, address_of_property, year_of_assessment, build_up_area, building_constructed_year, email, name_of_the_owner, total_tax_paid, uav_id) VALUES (103, '472, Village High Road, Shollinganallur, Chennai - 600119', 2020, 980, 2002, 'balaji.sridharan@mindtree.com', 'Balaji', 1494.7, 18);
INSERT INTO property_tax_payment (id, address_of_property, year_of_assessment, build_up_area, building_constructed_year, email, name_of_the_owner, total_tax_paid, uav_id) VALUES (104, '64, OMR, Shollinganallur, Chennai - 600119', 2020, 980, 2002, 'arun123@mindtree.com', 'Arun', 1494.7, 18);
INSERT INTO property_tax_payment (id, address_of_property, year_of_assessment, build_up_area, building_constructed_year, email, name_of_the_owner, total_tax_paid, uav_id) VALUES (105, '62, OMR, Shollinganallur, Chennai - 600119', 2020, 1080, 2002, 'sam123@mindtree.com', 'Sam', 1647.22, 18);
INSERT INTO property_tax_payment (id, address_of_property, year_of_assessment, build_up_area, building_constructed_year, email, name_of_the_owner, total_tax_paid, uav_id) VALUES (106, '68, Main Street, Navallur, Chennai - 600200', 2020, 1000, 2019, 'charlie123@mindtree.com', 'Charlie', 1841.4, 18);
INSERT INTO property_tax_payment (id, address_of_property, year_of_assessment, build_up_area, building_constructed_year, email, name_of_the_owner, total_tax_paid, uav_id) VALUES (107, '61, 4th Cross, Anna Nagar, Chennai - 600007', 2020, 980, 2002, 'Jone123@mindtree.com', 'Jone', 1494.7, 18);
INSERT INTO property_tax_payment (id, address_of_property, year_of_assessment, build_up_area, building_constructed_year, email, name_of_the_owner, total_tax_paid, uav_id) VALUES (108, '639, OMR, Shollinganallur, Chennai - 600119', 2020, 980, 2002, 'peter123@mindtree.com', 'Peter', 1494.7, 18);
